"","Cl","NO3","SO4","Na","K","Mg","Ca","NH4","DON","PO4","DOC"
"Min.","-21.1994366694484","0.783408915517324","-2.10818005827081","-0.722241180205552","-4.08653782000886","-7.32941381205138","-6.77995335005911","-3.89123418462641","-5.80181479580254","-19.5128691404733","-7.96978695948292"
"1st Qu.","-4.32905004418652","0.863129500827461","-0.949975821017175","0.0353212868409706","-1.14459352093707","-2.33162645838822","-2.77191837522463","-2.00670000516096","-2.18859016504396","-3.06224890527967","-2.41920687721342"
"Median","-1.58164451884585","0.911283470241926","-0.346672790226912","0.201118309521357","0.136464559701944","-1.75401190280943","-2.18540580147755","-0.857105409579175","-1.52201414642997","-1.6387114704662","-1.79076653651838"
"Mean","-3.26463247668915","0.89836067827745","-0.536227863413475","0.223975195130965","-0.550754931291898","-2.08197834414673","-2.49396126826516","-1.23345220030061","-1.79683080579839","-3.13226202492876","-2.15303765186908"
"3rd Qu.","-0.569616658113208","0.940656501916007","0.0161580447081851","0.471898565060276","0.307283348815063","-1.3601783157778","-1.850930160967","-0.363787341022463","-0.943489013534787","-0.725559097250522","-1.29374235329092"
"Max.","0.280631201894423","0.960923555240049","0.525418057615996","0.705244981171258","0.70872417999949","-0.736986242080125","-0.620309246631558","0.233434682812817","0.0110116107022574","0.486506516683845","-0.837712925846674"
"type","numeric","numeric","numeric","numeric","numeric","numeric","numeric","numeric","numeric","numeric","numeric"
