"","Cl","NO3","SO4","Na","K","Mg","Ca","NH4","DON","PO4","DOC"
"Min.","-Inf","-2.46603349737118","-33.9361624218605","-Inf","-102.145469558865","-392.871506594932","-128.954591715336","-2.97597398249259","-9.76345854405313","-13.5441052794067","-10.6967600914329"
"1st Qu.","-Inf","-2.13825342638991","-29.5583731949745","-Inf","-93.1143951725721","-337.800063694684","-113.872399085527","-2.63530097606024","-8.66091053996346","-12.5156046901135","-9.34269054962692"
"Median","-Inf","-1.92213300636803","-27.9159689456257","-Inf","-84.6725496666045","-324.202055489201","-105.805541292605","-2.49324333480852","-8.1785148169687","-11.9983746101065","-8.84594175434297"
"Mean","-Inf","-1.87652315854397","-27.9252156509589","-Inf","-85.692056935417","-319.636933666712","-106.612951315393","-2.50266340024832","-8.25192294158925","-12.0060473687477","-9.04135215317888"
"3rd Qu.","-Inf","-1.71850188507442","-25.8421216700546","-Inf","-79.2360920482999","-308.353252207542","-98.8479265665845","-2.34189122588129","-7.85764087931557","-11.4490016393962","-8.46819817410049"
"Max.","-Inf","-1.28830078558048","-23.2375718331786","-Inf","-70.1792574745813","-236.827614388079","-84.9005166816652","-2.2462117786763","-7.13129568780005","-10.5998961179962","-8.24031084715782"
"type","numeric","numeric","numeric","numeric","numeric","numeric","numeric","numeric","numeric","numeric","numeric"
