"","Cl","NO3","SO4","Na","K","Mg","Ca","NH4","DON","PO4","DOC"
"Min.","-61886.9514083606","-13356.980495794","-84093.3953945994","-6408.08317862899","-2101.44302586177","-38375.4133259457","-325841.598750987","-303.035493214037","-243.959991325711","-587641.764433048","-38.6693626355716"
"1st Qu.","-49488.277083843","-11374.6368697554","-37599.765476362","-5610.33234983011","-1963.77312451923","-31008.8594240702","-237936.978494933","-187.009118696406","-215.82403845781","-408966.753084775","-34.4153903225207"
"Median","-48440.380493617","-10522.8325109227","-32895.9958568576","-5039.60097999546","-1790.92292379342","-29718.9128563695","-214233.958208055","-171.890839538724","-202.037495978615","-341436.745354786","-32.1545025128451"
"Mean","-48902.85570131","-10526.6231463181","-40532.4172322161","-5038.4133532284","-1825.11112007055","-29811.7137192058","-223283.707228896","-172.890449345823","-201.232428728899","-365821.380244818","-31.4680937390675"
"3rd Qu.","-45788.1534342402","-9556.10964488011","-31105.8850248463","-4356.77795343337","-1683.0117856","-27607.37761204","-201157.260574423","-144.878205756958","-183.910327734257","-313700.311855822","-28.4501929106084"
"Max.","-41848.1482544574","-8120.68832102293","-27079.7804471217","-3906.54987104691","-1497.5412296835","-24016.4683072029","-191201.294932488","-105.740064066733","-162.852453176799","-264860.868812087","-22.8543616048188"
"type","numeric","numeric","numeric","numeric","numeric","numeric","numeric","numeric","numeric","numeric","numeric"
