"","Cl","NO3","SO4","Na","K","Mg","Ca","NH4","DON","PO4","DOC"
"Min.","-608825.040825855","-524.981499145577","-385.754983532184","-14934.3700468142","-52.5818237920499","-2151.89342402191","-5454.67525896835","-10494.4289472544","-9.02404005434899","-3194.48135491352","-41.7912592968656"
"1st Qu.","-448380.731047524","-154.183715130067","-245.195929365908","-8638.48657860638","-27.7963684283006","-1856.13336177186","-4735.59133398436","-6175.03959391102","-5.33571080820241","-2213.50295659093","-32.9877610875541"
"Median","-408020.722675664","-118.456058657466","-218.885581532746","-7732.46875970068","-24.488828295498","-1719.66164122775","-4532.25168607813","-4342.33834748237","-4.27939144059384","-1943.59245974176","-28.8812442905428"
"Mean","-414668.361009012","-149.503091428784","-230.869637606396","-8212.33578965229","-26.6441484714547","-1734.67385127538","-4485.73164239298","-4943.60719846687","-4.56449748170188","-1979.56805919185","-29.2257508652391"
"3rd Qu.","-359287.538018808","-103.498465095744","-197.138941197321","-6790.2755244878","-22.7122654944536","-1610.37319875317","-4224.69637391813","-3360.54979225666","-3.57950669725569","-1649.7576832248","-25.6927683983668"
"Max.","-310171.365845897","-62.8403696297953","-146.799397513399","-5955.73288658827","-20.5809255262588","-1400.11534312597","-3693.10415212449","-2998.43521469735","-1.98616950966177","-1243.30587747506","-20.3262561888786"
"type","numeric","numeric","numeric","numeric","numeric","numeric","numeric","numeric","numeric","numeric","numeric"
