"","Cl","NO3","SO4","Na","K","Mg","Ca","NH4","DON","PO4","DOC"
"Min.","-10017.2583173429","-2.19619360911067","-1022.6491226176","-693.885965779305","-2.25742342580276","-103.512664446795","-442.989190524357","-87.6941083935006","-16.7323436557346","-7813.55505857542","-20.4472106004733"
"1st Qu.","-8912.54455391274","-1.9742498118061","-711.086263259949","-592.437842433275","-1.8106637384493","-86.7581456519455","-412.043955912728","-47.2996749370659","-14.5694251082268","-5540.52529022731","-17.9694730272027"
"Median","-8463.99659993932","-1.90947912450941","-600.308217371857","-568.364634733946","-1.63058439565179","-82.5221607064648","-391.877181519958","-41.3339341179211","-13.6783477042649","-5270.62999553834","-16.8515605566034"
"Mean","-8454.76769524183","-1.92490519453379","-644.602689544031","-563.992698027809","-1.69456608358861","-79.1650333502616","-354.328552032106","-41.118766625312","-13.7269818833435","-5179.20128512736","-17.1200100836246"
"3rd Qu.","-8089.98523221022","-1.84904145772498","-577.712950086726","-518.173500424609","-1.54853399036793","-72.6066403472533","-373.225094743122","-30.8901925537746","-12.7070736723555","-4428.81170013182","-15.9717764790997"
"Max.","-6894.13826457527","-1.69021525883389","-493.973831049338","-476.628269475562","-1.29945479953961","-55.3537612937941","-146.644364046332","-7.53263243060926","-11.8592354871739","-3638.38266518343","-14.4600571303563"
"type","numeric","numeric","numeric","numeric","numeric","numeric","numeric","numeric","numeric","numeric","numeric"
