"","Cl","NO3","SO4","Na","K","Mg","Ca","NH4","DON","PO4","DOC"
"Min.","-1.29020202421801","-0.12607150550785","-0.00316178119576271","-1.06695593782213","-3.14133502987743","-0.550924724323185","-1.35290569850427","-1.24971848743314","-1.44692628652172","-21.3354926549358","-0.476566713132002"
"1st Qu.","-0.260668530511537","0.602494089053913","0.292905391098365","0.325617936619996","-0.973706112894975","0.177692571853866","-0.508089889518773","-0.0511660289341889","-0.703108588360091","-4.11505559861072","0.0740101850670075"
"Median","0.179235056192231","0.69851817754517","0.493113657286036","0.532258653082821","-0.617540637111485","0.331233242182698","-0.24115273461656","0.385056824451878","-0.492656782107636","-1.98584843749229","0.270059898842874"
"Mean","0.0449758629514706","0.649968969197647","0.47748392296396","0.396246325840418","-0.769099442236442","0.288493462677446","-0.277222488383495","0.179582008483492","-0.496491273846406","-4.13318769084344","0.214030675110801"
"3rd Qu.","0.446887766278777","0.77206325090127","0.676397347540651","0.605965466604715","-0.15015949485043","0.450505186881733","0.0130795510719644","0.596440960245621","-0.26098685663975","-1.12216202330988","0.390176746693521"
"Max.","0.701085818979921","0.832025554867671","0.837703152104425","0.800603369043222","0.16421393001281","0.715648477945229","0.571951281507097","0.790947120609688","0.116527850499242","-0.509882729530443","0.802473331651694"
"type","numeric","numeric","numeric","numeric","numeric","numeric","numeric","numeric","numeric","numeric","numeric"
