"","Cl","NO3","SO4","Na","K","Mg","Ca","NH4","DON","PO4","DOC"
"Min.","-4.83477601840632","-9.44774821560668","-1.09327487191496","-3.43810948475316","-3.21388770881739","-3.68233124057412","-8.29300379679299","-15.0429682994553","-1.40016295542538","-28.1380870328948","0.882255484343432"
"1st Qu.","-2.52500956920249","-3.62117232754688","0.0293737577760406","-0.431569634328067","-1.3723944869421","-1.45529210257419","-3.54267384602582","-0.00741302189020812","-0.143353097963634","-7.02020278148696","0.902455701863357"
"Median","-1.15489892289909","-1.66617081206271","0.332421255865665","-0.00995638903433443","-0.0211953476016186","-0.487242740984295","-2.42784796722459","0.504953703070492","0.353973199050553","-5.23942030988352","0.949834477702853"
"Mean","-1.60577030135366","-2.36127087586261","0.27389489440108","-0.244152678905976","-0.554664326834741","-0.954039461420472","-2.94427314097964","-1.26210656622999","0.12108083665652","-6.76268532201412","0.938483484570606"
"3rd Qu.","-0.51378300542196","-0.70836105676058","0.635105457399503","0.254313086133479","0.322878092981709","-0.279586312998415","-1.1961243019095","0.609388267322804","0.580518823890073","-3.83074961264749","0.960936118745329"
"Max.","0.06372359852218","0.519619308144148","0.786350432949508","0.509643506410939","0.780997458535249","0.299904586701806","-0.232546495495044","0.784656991109428","0.837111301737287","-2.04289120119094","0.990900427577475"
"type","numeric","numeric","numeric","numeric","numeric","numeric","numeric","numeric","numeric","numeric","numeric"
