"","Cl","NO3","SO4","Na","K","Mg","Ca","NH4","DON","PO4","DOC"
"Min.","-10.1849051126874","0.860123380710029","-3.37361704015339","-0.401598886449657","-4.90661154289274","-14.5381461277201","-8.20198318598773","-6.43483219341198","-9.05763702120284","-117.877427576727","-6.76880746555773"
"1st Qu.","-3.31753428105006","0.93591715817951","-0.894360727158363","0.0789052643510232","0.249249690034527","-5.39588169414243","-3.50967836173116","-0.973432959830711","-3.09412499418527","-3.21463756364051","-0.594400929422077"
"Median","-1.95889739250302","0.97611714732891","-0.376458426877221","0.324062530650351","0.547751866092394","-1.96286558414407","-2.38988600596965","-0.392302601989609","-1.4518864070588","-1.44205248641433","-0.10619049433555"
"Mean","-2.4157046686869","0.957249058220757","-0.463251813016535","0.298849677074103","-0.270761231848858","-3.75535714603897","-2.6548005198273","-0.787645897704205","-2.41008494478421","-11.1163326560078","-0.952491208418458"
"3rd Qu.","-1.11332620153214","0.984238712355316","0.182315700365857","0.582671309007722","0.693737633893243","-1.28494308132815","-0.976774908031613","-0.0523141267738269","-0.975935611504286","-0.640915578656506","0.247097424155252"
"Max.","0.0737681311215589","0.995672569889969","0.657626108417737","0.728430900284432","0.913528080762196","0.120834684040491","-0.0133494293071572","0.425361586399438","-0.030297290862608","0.665847653533159","0.545544320008288"
"type","numeric","numeric","numeric","numeric","numeric","numeric","numeric","numeric","numeric","numeric","numeric"
