"","Cl","NO3","SO4","Na","K","Mg","Ca","NH4","DON","PO4","DOC"
"Min.","0.020754618919983","0.785098444881925","-0.303831414369716","-0.823068865494808","0.417399846060288","-0.737213011021766","-0.727626687705847","-6.81089263973928","0.292029627964536","-24.9654335976453","0.480400186734362"
"1st Qu.","0.539079040006594","0.843143420300023","0.0760664183996352","-0.0477996263557616","0.679062071624387","-0.161368009439286","-0.140821241925371","-3.37244580382203","0.655803085689874","-4.17009909110805","0.689024658209751"
"Median","0.637906776324312","0.868347901229763","0.227312026298446","0.132428877585993","0.798624627718027","0.046815683887388","0.255792837424394","-2.48424857802276","0.706680156843136","-1.99392665118507","0.749712655955095"
"Mean","0.62758633537939","0.868057176765447","0.195360884181759","0.0940935223721965","0.757539837995392","0.073149953182139","0.0850690887752069","-2.71082573666569","0.682864143757512","-4.16123385145185","0.729352594822723"
"3rd Qu.","0.782161739540695","0.90184792721239","0.346329339123064","0.342360531725117","0.844396336936547","0.306385776577904","0.412412232014384","-1.40994771202114","0.764861441580726","-0.839433895802734","0.794730106328579"
"Max.","0.876080172795006","0.952259528297422","0.595668287847438","0.601309578612456","0.940900193805951","0.635684273513198","0.623269477323479","0.0381144597407993","0.853422989364264","-0.423428389643508","0.905495254309858"
"type","numeric","numeric","numeric","numeric","numeric","numeric","numeric","numeric","numeric","numeric","numeric"
