"","Cl","NO3","SO4","Na","K","Mg","Ca","NH4","DON","PO4","DOC"
"Min.","0.335355119401392","0.619922950300696","0.167957262261043","0.34083978322443","-1.69372110650574","0.183762645376152","-0.126106015906316","-0.795177412210993","-0.300455019763638","-9.21482747148563","-0.135582516761993"
"1st Qu.","0.378176842398423","0.703115377223629","0.232361981603133","0.510605426996018","-1.42609370625158","0.30289500704277","0.00992683228484301","-0.616576016739842","-0.29827512569357","-7.94977726253082","-0.0672265460109737"
"Median","0.45691995562395","0.731581106444185","0.257830651805511","0.577379653743677","-0.710564032619637","0.380132017128735","0.15192722668945","-0.505716765152159","-0.239550581444237","-7.18721880724027","0.130311560187377"
"Mean","0.452383621950683","0.728089508824539","0.258949587064716","0.570292966914415","-0.926274833398829","0.373418847014928","0.106505412828156","-0.47708013617431","-0.174459963384903","-6.30715473047329","0.112431991812655"
"3rd Qu.","0.533799290708952","0.778864023274719","0.267799622458308","0.669321937252619","-0.467190997242922","0.462962284653451","0.211801812381803","-0.328514285378394","-0.137681649334304","-4.8064315597469","0.265944883578323"
"Max.","0.553751827327605","0.797200093389826","0.375083918971315","0.737841994272305","-0.392129579068387","0.528764691613478","0.266930664400458","-0.132893981807671","0.154371714750369","-2.03686407199681","0.371467937298285"
"type","numeric","numeric","numeric","numeric","numeric","numeric","numeric","numeric","numeric","numeric","numeric"
