"","Cl","NO3","SO4","Na","K","Mg","Ca","NH4","DON","PO4","DOC"
"Min.","-1.05842911928097","0.750089927511484","-5.43875722403564","-0.916236788782835","-1.81935407604221","-3.79868629114649","-1.59781636369201","-19.6398937266541","-1.29565721344934","-13.5915974050555","-1.22326785411188"
"1st Qu.","-1.02725358070378","0.753762692804227","-5.2250676281444","-0.889368509554801","-1.78528405742267","-3.65909419996415","-1.40594765534005","-19.1803061522992","-1.17153105550628","-11.8886695738861","-0.886433653735028"
"Median","-1.01424937997748","0.754720043275307","-5.01534719170562","-0.868991551823502","-1.73780460804498","-3.41137608221574","-1.2466112387981","-18.1287686692284","-1.1132743212166","-11.0486553224606","-0.849974478486989"
"Mean","-1.01028373130634","0.754961892009133","-5.04566601453331","-0.863733081113944","-1.73049414926983","-3.45161928916371","-1.27632017898128","-18.3071943351521","-1.09484593375539","-11.1742457749467","-0.846544476323896"
"3rd Qu.","-0.997188513051544","0.755903055350923","-4.85618122771896","-0.839023545537085","-1.69467158723187","-3.28648234884588","-1.17021515034171","-17.736030054099","-1.02999341565437","-10.5818071477302","-0.760164986111541"
"Max.","-0.918473165142864","0.760194049975405","-4.72188811865642","-0.811175799867841","-1.59817025478131","-3.05178945742401","-1.0453599467801","-16.7973945467672","-0.74848615543973","-9.16575093048141","-0.69116082343858"
"type","numeric","numeric","numeric","numeric","numeric","numeric","numeric","numeric","numeric","numeric","numeric"
