"","Cl","NO3","SO4","Na","K","Mg","Ca","NH4","DON","PO4","DOC"
"Min.","0.814388641120077","0.886159807725534","0.923928442182727","0.874972954353254","0.638302294081732","0.888030497960749","0.830813295579401","0.896334314654218","0.715734442018197","0.492089457106449","0.884717977423111"
"1st Qu.","0.824060693087671","0.886837981140519","0.926618643291125","0.876663900865319","0.648007125714482","0.891710082281701","0.833477576098387","0.90027665342107","0.718699302789748","0.507617748649744","0.887353388132734"
"Median","0.825149184343524","0.887216503728987","0.927119453230109","0.877582781447297","0.654591271662719","0.893647546266878","0.835238928228355","0.901473109306396","0.722405515223033","0.522594878852947","0.888679903615554"
"Mean","0.825607232120886","0.887155635967475","0.927391306050497","0.877990701327377","0.65332168816587","0.892839572207623","0.835049753579419","0.901918487110766","0.722143995578384","0.526534419933111","0.888657124720861"
"3rd Qu.","0.826603012784631","0.887363066430389","0.928639815199882","0.879676512112829","0.657673714195325","0.894170817301369","0.83715252847028","0.903719369815054","0.725004821466437","0.542307948068232","0.889820505707705"
"Max.","0.834087006061363","0.888263223976654","0.930627693827304","0.880859795344653","0.66966495811088","0.895819458137578","0.839827245827701","0.906232064389979","0.729579956113616","0.579458928808339","0.891864810515617"
"type","numeric","numeric","numeric","numeric","numeric","numeric","numeric","numeric","numeric","numeric","numeric"
