"","Cl","NO3","SO4","Na","K","Mg","Ca","NH4","DON","PO4","DOC"
"Min.","0.17272555073583","0.578007643672119","0.0165500578890673","0.242355713552396","-2.69944506038533","-0.311423992298661","-0.307997597200395","-2.89100961242191","-0.765120447416301","-15.8599888168246","-0.474655736906056"
"1st Qu.","0.313230630323601","0.656112921606282","0.215625560552343","0.498890479357987","-1.56927199761617","0.281016659278663","-0.0602578227618246","-0.915762080052638","-0.26813026085734","-4.5741169151879","0.105160746891056"
"Median","0.420350022579229","0.750374434067773","0.398801487029245","0.573258740113229","-0.719519282632211","0.401485663681198","0.211177160057767","-0.108941856058709","-0.144537534003899","-3.17849531104525","0.265036155069696"
"Mean","0.424616252781397","0.718418347898945","0.387382319788719","0.575438642730269","-1.02993605553273","0.344964091056486","0.138607690904515","-0.300612552276731","-0.171982919708896","-5.16668557156803","0.196917348717254"
"3rd Qu.","0.565306426982763","0.774598173812999","0.495674623394052","0.68390584308404","-0.339325575802762","0.543138402284421","0.334048039431294","0.480009259116926","-0.0125623195116752","-2.33231498542788","0.354852474161196"
"Max.","0.659359374269005","0.826600047508919","0.701389785565658","0.859056878971908","-0.0413260787862741","0.650464663483674","0.523965737158769","0.864682826578277","0.246543759141486","-1.30699722468648","0.536151328832788"
"type","numeric","numeric","numeric","numeric","numeric","numeric","numeric","numeric","numeric","numeric","numeric"
