"","Cl","NO3","SO4","Na","K","Mg","Ca","NH4","DON","PO4","DOC"
"Min.","-2.91634622331498","-4.12327473356311","-1.08832396567895","-1.29842249749385","-10.1838610125186","-5.11387018478695","-3.53717548342099","-222.588235742781","-8.33022153200445","-36.8230708161869","-2.27018645596242"
"1st Qu.","-0.455040954304364","0.335265368962003","0.535819220959619","0.245907883400055","-1.97190832229563","0.0295469789638112","-0.650376111127668","-0.464177824011751","-1.47337983559533","-4.51792487785394","-0.0785124042006073"
"Median","0.0892582543428485","0.685770674203217","0.665947596627384","0.49765228093151","-0.803517149061188","0.416736050899063","-0.00247212042719042","0.656922995793601","-0.915377930625291","-2.20922859870627","0.293593515677715"
"Mean","-0.059588249770218","0.389261673150677","0.474005545368261","0.378940228630378","-1.73490661334797","0.145656570508356","-0.316831481556398","-5.86977073263117","-1.43921519582063","-4.21880432647858","0.137334447038006"
"3rd Qu.","0.557197813494816","0.807013752978656","0.782210326690415","0.743790423875083","-0.126444315413553","0.60906897977853","0.405564663693116","0.807155528211328","-0.22637801266502","-0.531595802475255","0.699558580913388"
"Max.","0.929474512603837","0.917268356694932","0.976956643534577","0.951441764873864","0.708585649850628","0.829486974931716","0.878663702172793","0.953176979313395","0.648948938364795","0.593992086737635","0.824113770412199"
"type","numeric","numeric","numeric","numeric","numeric","numeric","numeric","numeric","numeric","numeric","numeric"
