"","Cl","NO3","SO4","Na","K","Mg","Ca","NH4","DON","PO4","DOC"
"Min.","-Inf","-Inf","-Inf","-Inf","-Inf","-Inf","-Inf","-Inf","-Inf","-Inf","-Inf"
"1st Qu.","-8150.35066720478","-Inf","-Inf","-20894.8016317307","-Inf","-6331.55742835453","-Inf","-7448.81606015925","-17558.56518611","-3415.55169992946","-Inf"
"Median","-7.49942866210381","-14.9853421978935","-46.4657275529941","-7.73136220130506","-64.5798459159875","-53.1265317052641","-69.0578619058665","-140.695554448003","-367.797831849393","-123.363697404307","-63.6346451914666"
"Mean","-Inf","-Inf","-Inf","-Inf","-Inf","-Inf","-Inf","-Inf","-Inf","-Inf","-Inf"
"3rd Qu.","-0.812371153709537","-2.64843548351179","-11.9504844079977","-0.964598190701955","-20.6392154086376","-13.6880649263434","-11.7502251818339","-30.5923786560191","-86.8180533568315","-41.641382932252","-12.9575613573968"
"Max.","0.658272579903506","0.593376488870617","-1.08217824218917","0.747317014014957","-2.1812104923738","-0.0459501442309622","-0.426007399534641","-3.29519618340159","-2.63738227619381","-2.11914749600637","-0.751416927858756"
"type","numeric","numeric","numeric","numeric","numeric","numeric","numeric","numeric","numeric","numeric","numeric"
