"","Cl","NO3","SO4","Na","K","Mg","Ca","NH4","DON","PO4","DOC"
"Min.","0.39394611004152","0.638317917527162","0.409665256702457","0.545859562185341","-3.54047150378289","0.528415223837163","0.482276379614482","-4.84729251997811","-15.0172391097","-4.51833601660235","0.320359769565862"
"1st Qu.","0.568891139842377","0.659493480762762","0.440322983607136","0.709925237979434","-2.82807901563348","0.544977405553821","0.544015551451016","-3.40615275141982","-11.0153117645731","-3.8991526699397","0.331748768458137"
"Median","0.59132149606028","0.704596887330224","0.463461292030374","0.72399355480947","-2.51081701228835","0.577005261107285","0.61090948686555","-3.11024779879662","-8.80811094041295","-2.46721697010777","0.396084953285406"
"Mean","0.582976497792424","0.697243418605045","0.471037225563122","0.717214129820773","-2.50375454197941","0.573480520495399","0.609245287561464","-3.00041931728823","-9.0061511463626","-2.50653239861509","0.393319749398161"
"3rd Qu.","0.634055714703702","0.736367320584842","0.490541861672374","0.756130702969748","-2.10084418825652","0.601069135744739","0.68513513681092","-2.56208650489747","-6.80771438399893","-1.17558735006179","0.434259417431827"
"Max.","0.711555075904545","0.744532342532673","0.557456580263097","0.837359222394428","-1.5624021265224","0.615065495927441","0.719781778917656","-1.05057397693272","-3.51148498316229","-0.464915721609182","0.490101207922607"
"type","numeric","numeric","numeric","numeric","numeric","numeric","numeric","numeric","numeric","numeric","numeric"
