"","Cl","NO3","SO4","Na","K","Mg","Ca","NH4","DON","PO4","DOC"
"Min.","-0.138434385439412","0.554863429367296","-0.348873408919741","-2.18382415548002","-4.93524947794443","0.445952222892203","0.512294149200302","-8.00433469882147","-37.50682094369","-8.89718615068535","0.227506073696505"
"1st Qu.","-0.0278754026939785","0.629797600470217","0.0508044579449501","0.193206070656006","-3.56999460035559","0.48923555030661","0.542969063795843","-5.55955140737002","-16.6344357001768","-5.45807881120676","0.351251065211537"
"Median","0.0333159923035324","0.651071554510939","0.16810680410732","0.31147118080934","-3.01131860373821","0.502235719908414","0.570248332369829","-5.0209659270963","-11.6481666063787","-3.60262516499369","0.389960043328964"
"Mean","0.0501674598876925","0.64514138602456","0.126539459806828","0.207147117494718","-3.0909249554129","0.513266682685574","0.582438996536529","-4.77421630443885","-13.3756323119051","-4.06517685991078","0.382202858777498"
"3rd Qu.","0.143952054241131","0.669486018783636","0.243468896271362","0.391002345995158","-2.5214386055072","0.534180288074698","0.602887994198112","-3.62264158690619","-8.70308260688197","-2.6330003738304","0.434645189043852"
"Max.","0.232701483122482","0.704144119279797","0.383616628226642","0.495801983462099","-1.85769125174977","0.593609055685566","0.709552104596201","-2.29317329503074","-3.64727379674832","-1.03138113361146","0.48877349246795"
"type","numeric","numeric","numeric","numeric","numeric","numeric","numeric","numeric","numeric","numeric","numeric"
