"","Cl","NO3","SO4","Na","K","Mg","Ca","NH4","DON","PO4","DOC"
"Min.","-3.22495090419886","-0.0618087136577412","0.581415092639528","-1.09227544533293","-0.768331567358989","-1.78387237770281","-1.01280418042209","-1.16100782457119","0.415046062886046","-1.175701693813","0.657650015585081"
"1st Qu.","-2.1635457726109","0.0483873018376535","0.741381054358402","-0.852927438032284","-0.0643407118184615","-0.234355792797667","-0.495493371072444","-0.00764467535414948","0.73447315226281","-0.00534098992549889","0.793576154844899"
"Median","-1.57554836137104","0.0777338685788251","0.78739066356652","-0.651990603532651","0.147762457121298","-0.0645611216669914","-0.234498859215847","0.356973542450297","0.773744378657209","0.171633792551183","0.827788077099633"
"Mean","-1.68481930656803","0.0866606510034308","0.777685217340216","-0.699470187342673","0.116146511395679","-0.138640839578149","-0.26445440344186","0.151850258900006","0.759763421177434","0.0849018284651495","0.816896077407029"
"3rd Qu.","-1.24044156990888","0.125679983095754","0.83222782243867","-0.558264264626948","0.337574712495141","0.0975148204600546","-0.0135271905897208","0.50190809198539","0.807576958722897","0.353954544086436","0.855530553839938"
"Max.","-0.777255784138423","0.204653891850566","0.901871553657585","-0.321031986841029","0.49524392059074","0.402051214105792","0.295377298915242","0.644637002909454","0.893912311320153","0.523817801435724","0.906140512810596"
"type","numeric","numeric","numeric","numeric","numeric","numeric","numeric","numeric","numeric","numeric","numeric"
