"","Cl","NO3","SO4","Na","K","Mg","Ca","NH4","DON","PO4","DOC"
"Min.","-305294.843414242","0.0884508110495618","-0.530669223113896","-12725.5118219005","-1.65852330025949","-285.528698634703","-1.85824830569227","-328.189357345837","-373.191031018012","-8.58910289537831","-1.18377471523944"
"1st Qu.","-4711.50697054249","0.63026158205716","0.122367592111594","-1758.66047082118","-0.446749078886428","-136.157988583281","-0.63348088205788","-100.460129586576","-142.920556596876","-3.67033885245046","-0.649114483455465"
"Median","-2455.26815440239","0.746457148557852","0.290785898375539","-892.818719674979","-0.0906516621433873","-45.4876053236613","-0.415597244327921","-72.0020039337846","-110.118562509393","-2.45293550196022","-0.396079129498633"
"Mean","-16428.3592988587","0.662018717106302","0.302120477950062","-1865.86004832886","-0.23691816589644","-77.7272309443359","-0.426469351706399","-85.8977363939153","-112.209548309305","-3.00090353220876","-0.431019521891907"
"3rd Qu.","-1568.36846839353","0.796194712880846","0.500325249237263","-597.824008111363","-0.00113853007124765","-3.44085385544957","-0.0318804653675581","-39.804934108088","-35.2950490260508","-2.07629903879633","-0.175955569863107"
"Max.","-508.141934118021","0.905856626999256","0.722379544687465","-199.789777932493","0.284457196004682","-1.52058170774696","0.449398390464264","-25.995282845691","-8.23341545258707","-1.57407660620584","0.168038815449919"
"type","numeric","numeric","numeric","numeric","numeric","numeric","numeric","numeric","numeric","numeric","numeric"
