"","Cl","NO3","SO4","Na","K","Mg","Ca","NH4","DON","PO4","DOC"
"Min.","-0.287123359761795","0.734883428319055","-1.53643752960454","-0.751741149510395","-0.99327917801098","-1.50930196713166","-1.62749889160416","-4.49519947211493","-0.942849537133242","-0.462423685975826","-3.24548708518697"
"1st Qu.","-0.283165742985726","0.740002836086817","-1.36087841397747","-0.745123864766616","-0.939064244408206","-1.43583587927543","-1.44801019002749","-3.77395878385846","-0.78603890482108","-0.423328527004902","-2.97268647085595"
"Median","-0.281726937102196","0.744201789629434","-1.32503200446722","-0.741913008017412","-0.913972284881837","-1.35224838243074","-1.37042995281319","-3.57779566317088","-0.733308022443422","-0.403031774778423","-2.83938811126126"
"Mean","-0.28170239728075","0.74398413322971","-1.31752046483786","-0.742501852780444","-0.918568440659143","-1.35253855777367","-1.37296808040407","-3.58142109364857","-0.710871132296326","-0.407139856982933","-2.84065662250761"
"3rd Qu.","-0.280131779967051","0.746595925921219","-1.26448724082621","-0.740059181387045","-0.894557389594502","-1.28699223458953","-1.31240171172262","-3.33828588829838","-0.642725096815971","-0.392010689172502","-2.66558845767166"
"Max.","-0.274702472643248","0.754726509544925","-1.10529610676859","-0.734494934056479","-0.852435194931237","-1.15951441932904","-1.17649893553986","-2.87187575184072","-0.414253261349996","-0.368164011069288","-2.43030799453854"
"type","numeric","numeric","numeric","numeric","numeric","numeric","numeric","numeric","numeric","numeric","numeric"
